platform,url,query,model,repair_type,matching_fixmob_url,reason,priority,status
Reddit,https://www.google.com/search?q=site%3Areddit.com+iPhone+unknown,iPhone unknown,iPhone,unknown,https://fixmob.tech/,Find real threads asking for repair help; draft value-first replies only.,REVIEW,READY_FOR_REVIEW
Repair forums,https://www.google.com/search?q=iPhone+unknown+repair+forum,iPhone unknown,iPhone,unknown,https://fixmob.tech/,Look for exact troubleshooting questions where FixMob has matching photos or steps.,REVIEW,READY_FOR_REVIEW
Reddit,https://www.google.com/search?q=site%3Areddit.com+fixmob,fixmob,iPhone,unknown,https://fixmob.tech/,Find real threads asking for repair help; draft value-first replies only.,REVIEW,READY_FOR_REVIEW
Repair forums,https://www.google.com/search?q=fixmob+repair+forum,fixmob,iPhone,unknown,https://fixmob.tech/,Look for exact troubleshooting questions where FixMob has matching photos or steps.,REVIEW,READY_FOR_REVIEW
Reddit,https://www.google.com/search?q=site%3Areddit.com+iPhone+15+Pro+Max+screen,iPhone 15 Pro Max screen,iPhone 15 Pro Max,screen,https://fixmob.tech/repairs/screen/iphone-15-pro-max.html,Find real threads asking for repair help; draft value-first replies only.,REVIEW,READY_FOR_REVIEW
Repair forums,https://www.google.com/search?q=iPhone+15+Pro+Max+screen+repair+forum,iPhone 15 Pro Max screen,iPhone 15 Pro Max,screen,https://fixmob.tech/repairs/screen/iphone-15-pro-max.html,Look for exact troubleshooting questions where FixMob has matching photos or steps.,REVIEW,READY_FOR_REVIEW
Reddit,https://www.google.com/search?q=site%3Areddit.com+iPhone+13+Mini+battery,iPhone 13 Mini battery,iPhone 13 Mini,battery,https://fixmob.tech/repairs/battery/iphone-13-mini.html,Find real threads asking for repair help; draft value-first replies only.,REVIEW,READY_FOR_REVIEW
Repair forums,https://www.google.com/search?q=iPhone+13+Mini+battery+repair+forum,iPhone 13 Mini battery,iPhone 13 Mini,battery,https://fixmob.tech/repairs/battery/iphone-13-mini.html,Look for exact troubleshooting questions where FixMob has matching photos or steps.,REVIEW,READY_FOR_REVIEW
Reddit,https://www.google.com/search?q=site%3Areddit.com+iPhone+14+screen,iPhone 14 screen,iPhone 14,screen,https://fixmob.tech/repairs/screen/iphone-14.html,Find real threads asking for repair help; draft value-first replies only.,REVIEW,READY_FOR_REVIEW
Repair forums,https://www.google.com/search?q=iPhone+14+screen+repair+forum,iPhone 14 screen,iPhone 14,screen,https://fixmob.tech/repairs/screen/iphone-14.html,Look for exact troubleshooting questions where FixMob has matching photos or steps.,REVIEW,READY_FOR_REVIEW
Reddit,https://www.google.com/search?q=site%3Areddit.com+iPhone+17+Pro+screen,iPhone 17 Pro screen,iPhone 17 Pro,screen,https://fixmob.tech/repairs/screen/iphone-17-pro.html,Find real threads asking for repair help; draft value-first replies only.,REVIEW,READY_FOR_REVIEW
Repair forums,https://www.google.com/search?q=iPhone+17+Pro+screen+repair+forum,iPhone 17 Pro screen,iPhone 17 Pro,screen,https://fixmob.tech/repairs/screen/iphone-17-pro.html,Look for exact troubleshooting questions where FixMob has matching photos or steps.,REVIEW,READY_FOR_REVIEW
Reddit,https://www.google.com/search?q=site%3Areddit.com+iphone+17+pro+screen+replacement,iphone 17 pro screen replacement,iPhone 17 Pro,screen,https://fixmob.tech/,Find real threads asking for repair help; draft value-first replies only.,REVIEW,READY_FOR_REVIEW
Repair forums,https://www.google.com/search?q=iphone+17+pro+screen+replacement+repair+forum,iphone 17 pro screen replacement,iPhone 17 Pro,screen,https://fixmob.tech/,Look for exact troubleshooting questions where FixMob has matching photos or steps.,REVIEW,READY_FOR_REVIEW
Reddit,https://www.google.com/search?q=site%3Areddit.com+iPhone+X+backglass,iPhone X backglass,iPhone X,backglass,https://fixmob.tech/repairs/backglass/iphone-xs-max.html,Find real threads asking for repair help; draft value-first replies only.,REVIEW,READY_FOR_REVIEW
Repair forums,https://www.google.com/search?q=iPhone+X+backglass+repair+forum,iPhone X backglass,iPhone X,backglass,https://fixmob.tech/repairs/backglass/iphone-xs-max.html,Look for exact troubleshooting questions where FixMob has matching photos or steps.,REVIEW,READY_FOR_REVIEW
Reddit,https://www.google.com/search?q=site%3Areddit.com+fix+mob,fix mob,iPhone,unknown,https://fixmob.tech/,Find real threads asking for repair help; draft value-first replies only.,REVIEW,READY_FOR_REVIEW
Repair forums,https://www.google.com/search?q=fix+mob+repair+forum,fix mob,iPhone,unknown,https://fixmob.tech/,Look for exact troubleshooting questions where FixMob has matching photos or steps.,REVIEW,READY_FOR_REVIEW
Reddit,https://www.google.com/search?q=site%3Areddit.com+iphone+17+screen+replacement,iphone 17 screen replacement,iPhone 17,screen,https://fixmob.tech/,Find real threads asking for repair help; draft value-first replies only.,REVIEW,READY_FOR_REVIEW
Repair forums,https://www.google.com/search?q=iphone+17+screen+replacement+repair+forum,iphone 17 screen replacement,iPhone 17,screen,https://fixmob.tech/,Look for exact troubleshooting questions where FixMob has matching photos or steps.,REVIEW,READY_FOR_REVIEW
