"source","keyword","page","intent","clicks","impressions","avg_position","priority","note"
"gsc_visible_screenshot","can you replace the battery in an iphone 13 mini","https://fixmob.tech/repairs/battery/iphone-13-mini.html","battery repair question","0","1","","medium","Visible in supplied Search Console screenshot"
"gsc_visible_screenshot","fix mob","https://fixmob.tech/","brand","0","2","","brand-protect","Visible in supplied Search Console screenshot"
"gsc_visible_screenshot","fixmob","https://fixmob.tech/","brand","3","21","","brand-protect","Visible in supplied Search Console screenshot"
"gsc_visible_screenshot","fixmobil","https://fixmob.tech/","brand typo","0","2","","medium","Visible in supplied Search Console screenshot"
"gsc_visible_screenshot","iphone 17 pro screen replacement","https://fixmob.tech/repairs/screen/iphone-17-pro.html","screen repair","0","8","","high","Visible in supplied Search Console screenshot"
"site_target_page","iphone 11 back glass replacement guide","https://fixmob.tech/repairs/backglass/iphone-11.html","back glass repair","","","","high","iPhone 11 back glass repair guide for rear glass cracks, camera ring damage, or wireless charging checks, with 8 photos, safety notes, screw checks, and closing tests."
"site_target_page","iphone 11 pro back glass replacement guide","https://fixmob.tech/repairs/backglass/iphone-11-pro.html","back glass repair","","","","high","iPhone 11 Pro back glass repair guide for rear glass cracks, camera ring damage, or wireless charging checks, with 8 photos, safety notes, screw checks, and closing tests."
"site_target_page","iphone 11 pro max back glass replacement guide","https://fixmob.tech/repairs/backglass/iphone-11-pro-max.html","back glass repair","","","","high","iPhone 11 Pro Max back glass repair guide for rear glass cracks, camera ring damage, or wireless charging checks, with 8 photos, safety notes, screw checks, and closing tests."
"site_target_page","iphone 12 back glass replacement guide","https://fixmob.tech/repairs/backglass/iphone-12.html","back glass repair","","","","high","iPhone 12 back glass repair guide for rear glass cracks, camera ring damage, or wireless charging checks, with 7 photos, safety notes, screw checks, and closing tests."
"site_target_page","iphone 12 mini back glass replacement guide","https://fixmob.tech/repairs/backglass/iphone-12-mini.html","back glass repair","","","","high","iPhone 12 mini back glass repair guide for rear glass cracks, camera ring damage, or wireless charging checks, with 8 photos, safety notes, screw checks, and closing tests."
"site_target_page","iphone 12 pro back glass replacement guide","https://fixmob.tech/repairs/backglass/iphone-12-pro.html","back glass repair","","","","high","iPhone 12 Pro back glass repair guide for rear glass cracks, camera ring damage, or wireless charging checks, with 8 photos, safety notes, screw checks, and closing tests."
"site_target_page","iphone 12 pro max back glass replacement guide","https://fixmob.tech/repairs/backglass/iphone-12-pro-max.html","back glass repair","","","","high","iPhone 12 Pro Max back glass repair guide for rear glass cracks, camera ring damage, or wireless charging checks, with 8 photos, safety notes, screw checks, and closing tests."
"site_target_page","iphone 13 back glass replacement guide","https://fixmob.tech/repairs/backglass/iphone-13.html","back glass repair","","","","high","iPhone 13 back glass repair guide for rear glass cracks, camera ring damage, or wireless charging checks, with 8 photos, safety notes, screw checks, and closing tests."
"site_target_page","iphone 13 mini back glass replacement guide","https://fixmob.tech/repairs/backglass/iphone-13-mini.html","back glass repair","","","","high","iPhone 13 mini back glass repair guide for rear glass cracks, camera ring damage, or wireless charging checks, with 8 photos, safety notes, screw checks, and closing tests."
"site_target_page","iphone 13 pro back glass replacement guide","https://fixmob.tech/repairs/backglass/iphone-13-pro.html","back glass repair","","","","high","iPhone 13 Pro back glass repair guide for rear glass cracks, camera ring damage, or wireless charging checks, with 8 photos, safety notes, screw checks, and closing tests."
"site_target_page","iphone 13 pro max back glass replacement guide","https://fixmob.tech/repairs/backglass/iphone-13-pro-max.html","back glass repair","","","","high","iPhone 13 Pro Max back glass repair guide for rear glass cracks, camera ring damage, or wireless charging checks, with 8 photos, safety notes, screw checks, and closing tests."
"site_target_page","iphone 14 back glass replacement guide","https://fixmob.tech/repairs/backglass/iphone-14.html","back glass repair","","","","high","iPhone 14 back glass repair guide for rear glass cracks, camera ring damage, or wireless charging checks, with 21 photos, safety notes, screw checks, and closing tests."
"site_target_page","iphone 14 plus back glass replacement guide","https://fixmob.tech/repairs/backglass/iphone-14-plus.html","back glass repair","","","","high","iPhone 14 Plus back glass repair guide for rear glass cracks, camera ring damage, or wireless charging checks, with 21 photos, safety notes, screw checks, and closing tests."
"site_target_page","iphone 14 pro back glass replacement guide","https://fixmob.tech/repairs/backglass/iphone-14-pro.html","back glass repair","","","","high","iPhone 14 Pro back glass repair guide for rear glass cracks, camera ring damage, or wireless charging checks, with 8 photos, safety notes, screw checks, and closing tests."
"site_target_page","iphone 14 pro max back glass replacement guide","https://fixmob.tech/repairs/backglass/iphone-14-pro-max.html","back glass repair","","","","high","iPhone 14 Pro Max back glass repair guide for rear glass cracks, camera ring damage, or wireless charging checks, with 8 photos, safety notes, screw checks, and closing tests."
"site_target_page","iphone 15 back glass replacement guide","https://fixmob.tech/repairs/backglass/iphone-15.html","back glass repair","","","","high","iPhone 15 back glass repair guide for rear glass cracks, camera ring damage, or wireless charging checks, with 48 photos, safety notes, screw checks, and closing tests."
"site_target_page","iphone 15 plus back glass replacement guide","https://fixmob.tech/repairs/backglass/iphone-15-plus.html","back glass repair","","","","high","iPhone 15 Plus back glass repair guide for rear glass cracks, camera ring damage, or wireless charging checks, with 48 photos, safety notes, screw checks, and closing tests."
"site_target_page","iphone 15 pro back glass replacement guide","https://fixmob.tech/repairs/backglass/iphone-15-pro.html","back glass repair","","","","high","iPhone 15 Pro back glass repair guide for rear glass cracks, camera ring damage, or wireless charging checks, with 43 photos, safety notes, screw checks, and closing tests."
"site_target_page","iphone 15 pro max back glass replacement guide","https://fixmob.tech/repairs/backglass/iphone-15-pro-max.html","back glass repair","","","","high","iPhone 15 Pro Max back glass repair guide for rear glass cracks, camera ring damage, or wireless charging checks, with 43 photos, safety notes, screw checks, and closing tests."
"site_target_page","iphone 16 back glass replacement guide","https://fixmob.tech/repairs/backglass/iphone-16.html","back glass repair","","","","high","iPhone 16 back glass repair guide for rear glass cracks, camera ring damage, or wireless charging checks, with 44 photos, safety notes, screw checks, and closing tests."
"site_target_page","iphone 16 plus back glass replacement guide","https://fixmob.tech/repairs/backglass/iphone-16-plus.html","back glass repair","","","","high","iPhone 16 Plus back glass repair guide for rear glass cracks, camera ring damage, or wireless charging checks, with 44 photos, safety notes, screw checks, and closing tests."
"site_target_page","iphone 16 pro back glass replacement guide","https://fixmob.tech/repairs/backglass/iphone-16-pro.html","back glass repair","","","","high","iPhone 16 Pro back glass repair guide for rear glass cracks, camera ring damage, or wireless charging checks, with 46 photos, safety notes, screw checks, and closing tests."
"site_target_page","iphone 16 pro max back glass replacement guide","https://fixmob.tech/repairs/backglass/iphone-16-pro-max.html","back glass repair","","","","high","iPhone 16 Pro Max back glass repair guide for rear glass cracks, camera ring damage, or wireless charging checks, with 46 photos, safety notes, screw checks, and closing tests."
"site_target_page","iphone 16e back glass replacement guide","https://fixmob.tech/repairs/backglass/iphone-16e.html","back glass repair","","","","high","iPhone 16e back glass repair guide for rear glass cracks, camera ring damage, or wireless charging checks, with 44 photos, safety notes, screw checks, and closing tests."
"site_target_page","iphone 17 back glass replacement guide","https://fixmob.tech/repairs/backglass/iphone-17.html","back glass repair","","","","high","iPhone 17 back glass repair guide for rear glass cracks, camera ring damage, or wireless charging checks, with 44 photos, safety notes, screw checks, and closing tests."
"site_target_page","iphone 17 pro back glass replacement guide","https://fixmob.tech/repairs/backglass/iphone-17-pro.html","back glass repair","","","","high","iPhone 17 Pro back glass repair guide for rear glass cracks, camera ring damage, or wireless charging checks, with 26 photos, safety notes, screw checks, and closing tests."
"site_target_page","iphone 17 pro max back glass replacement guide","https://fixmob.tech/repairs/backglass/iphone-17-pro-max.html","back glass repair","","","","high","iPhone 17 Pro Max back glass repair guide for rear glass cracks, camera ring damage, or wireless charging checks, with 26 photos, safety notes, screw checks, and closing tests."
"site_target_page","iphone 17e back glass replacement guide","https://fixmob.tech/repairs/backglass/iphone-17e.html","back glass repair","","","","high","iPhone 17e back glass repair guide for rear glass cracks, camera ring damage, or wireless charging checks, with 44 photos, safety notes, screw checks, and closing tests."
"site_target_page","iphone air back glass replacement guide","https://fixmob.tech/repairs/backglass/iphone-air.html","back glass repair","","","","high","iPhone Air back glass repair guide for rear glass cracks, camera ring damage, or wireless charging checks, with 22 photos, safety notes, screw checks, and closing tests."
"site_target_page","iphone x back glass replacement guide","https://fixmob.tech/repairs/backglass/iphone-x.html","back glass repair","","","","high","iPhone X back glass repair guide for rear glass cracks, camera ring damage, or wireless charging checks, with 4 photos, safety notes, screw checks, and closing tests."
"site_target_page","iphone xr back glass replacement guide","https://fixmob.tech/repairs/backglass/iphone-xr.html","back glass repair","","","","high","iPhone XR back glass repair guide for rear glass cracks, camera ring damage, or wireless charging checks, with 47 photos, safety notes, screw checks, and closing tests."
"site_target_page","iphone xs back glass replacement guide","https://fixmob.tech/repairs/backglass/iphone-xs.html","back glass repair","","","","high","iPhone XS back glass repair guide for rear glass cracks, camera ring damage, or wireless charging checks, with 8 photos, safety notes, screw checks, and closing tests."
"site_target_page","iphone xs max back glass replacement guide","https://fixmob.tech/repairs/backglass/iphone-xs-max.html","back glass repair","","","","high","iPhone XS Max back glass repair guide for rear glass cracks, camera ring damage, or wireless charging checks, with 8 photos, safety notes, screw checks, and closing tests."
"site_target_page","iphone 11 battery replacement guide","https://fixmob.tech/repairs/battery/iphone-11.html","battery repair","","","","high","iPhone 11 battery repair guide for weak battery health, fast drain, shutdowns, or charging issues, with 48 photos, safety notes, screw checks, and closing tests."
"site_target_page","iphone 11 pro battery replacement guide","https://fixmob.tech/repairs/battery/iphone-11-pro.html","battery repair","","","","high","iPhone 11 Pro battery repair guide for weak battery health, fast drain, shutdowns, or charging issues, with 43 photos, safety notes, screw checks, and closing tests."
"site_target_page","iphone 11 pro max battery replacement guide","https://fixmob.tech/repairs/battery/iphone-11-pro-max.html","battery repair","","","","high","iPhone 11 Pro Max battery repair guide for weak battery health, fast drain, shutdowns, or charging issues, with 43 photos, safety notes, screw checks, and closing tests."
"site_target_page","iphone 12 battery replacement guide","https://fixmob.tech/repairs/battery/iphone-12.html","battery repair","","","","high","iPhone 12 battery repair guide for weak battery health, fast drain, shutdowns, or charging issues, with 49 photos, safety notes, screw checks, and closing tests."
"site_target_page","iphone 12 mini battery replacement guide","https://fixmob.tech/repairs/battery/iphone-12-mini.html","battery repair","","","","high","iPhone 12 mini battery repair guide for weak battery health, fast drain, shutdowns, or charging issues, with 35 photos, safety notes, screw checks, and closing tests."
"site_target_page","iphone 12 pro battery replacement guide","https://fixmob.tech/repairs/battery/iphone-12-pro.html","battery repair","","","","high","iPhone 12 Pro battery repair guide for weak battery health, fast drain, shutdowns, or charging issues, with 49 photos, safety notes, screw checks, and closing tests."
"site_target_page","iphone 12 pro max battery replacement guide","https://fixmob.tech/repairs/battery/iphone-12-pro-max.html","battery repair","","","","high","iPhone 12 Pro Max battery repair guide for weak battery health, fast drain, shutdowns, or charging issues, with 41 photos, safety notes, screw checks, and closing tests."
"site_target_page","iphone 13 battery replacement guide","https://fixmob.tech/repairs/battery/iphone-13.html","battery repair","","","","high","iPhone 13 battery repair guide for weak battery health, fast drain, shutdowns, or charging issues, with 37 photos, safety notes, screw checks, and closing tests."
"site_target_page","iphone 13 mini battery replacement guide","https://fixmob.tech/repairs/battery/iphone-13-mini.html","battery repair","","","","high","iPhone 13 mini battery repair guide for weak battery health, fast drain, shutdowns, or charging issues, with 34 photos, safety notes, screw checks, and closing tests."
"site_target_page","iphone 13 pro battery replacement guide","https://fixmob.tech/repairs/battery/iphone-13-pro.html","battery repair","","","","high","iPhone 13 Pro battery repair guide for weak battery health, fast drain, shutdowns, or charging issues, with 38 photos, safety notes, screw checks, and closing tests."
"site_target_page","iphone 13 pro max battery replacement guide","https://fixmob.tech/repairs/battery/iphone-13-pro-max.html","battery repair","","","","high","iPhone 13 Pro Max battery repair guide for weak battery health, fast drain, shutdowns, or charging issues, with 38 photos, safety notes, screw checks, and closing tests."
"site_target_page","iphone 14 battery replacement guide","https://fixmob.tech/repairs/battery/iphone-14.html","battery repair","","","","high","iPhone 14 battery repair guide for weak battery health, fast drain, shutdowns, or charging issues, with 27 photos, safety notes, screw checks, and closing tests."
"site_target_page","iphone 14 plus battery replacement guide","https://fixmob.tech/repairs/battery/iphone-14-plus.html","battery repair","","","","high","iPhone 14 Plus battery repair guide for weak battery health, fast drain, shutdowns, or charging issues, with 27 photos, safety notes, screw checks, and closing tests."
"site_target_page","iphone 14 pro battery replacement guide","https://fixmob.tech/repairs/battery/iphone-14-pro.html","battery repair","","","","high","iPhone 14 Pro battery repair guide for weak battery health, fast drain, shutdowns, or charging issues, with 36 photos, safety notes, screw checks, and closing tests."
"site_target_page","iphone 14 pro max battery replacement guide","https://fixmob.tech/repairs/battery/iphone-14-pro-max.html","battery repair","","","","high","iPhone 14 Pro Max battery repair guide for weak battery health, fast drain, shutdowns, or charging issues, with 37 photos, safety notes, screw checks, and closing tests."
"site_target_page","iphone 15 battery replacement guide","https://fixmob.tech/repairs/battery/iphone-15.html","battery repair","","","","high","iPhone 15 battery repair guide for weak battery health, fast drain, shutdowns, or charging issues, with 60 photos, safety notes, screw checks, and closing tests."
"site_target_page","iphone 15 plus battery replacement guide","https://fixmob.tech/repairs/battery/iphone-15-plus.html","battery repair","","","","high","iPhone 15 Plus battery repair guide for weak battery health, fast drain, shutdowns, or charging issues, with 61 photos, safety notes, screw checks, and closing tests."
"site_target_page","iphone 15 pro battery replacement guide","https://fixmob.tech/repairs/battery/iphone-15-pro.html","battery repair","","","","high","iPhone 15 Pro battery repair guide for weak battery health, fast drain, shutdowns, or charging issues, with 69 photos, safety notes, screw checks, and closing tests."
"site_target_page","iphone 15 pro max battery replacement guide","https://fixmob.tech/repairs/battery/iphone-15-pro-max.html","battery repair","","","","high","iPhone 15 Pro Max battery repair guide for weak battery health, fast drain, shutdowns, or charging issues, with 36 photos, safety notes, screw checks, and closing tests."
"site_target_page","iphone 16 battery replacement guide","https://fixmob.tech/repairs/battery/iphone-16.html","battery repair","","","","high","iPhone 16 battery repair guide for weak battery health, fast drain, shutdowns, or charging issues, with 62 photos, safety notes, screw checks, and closing tests."
"site_target_page","iphone 16 plus battery replacement guide","https://fixmob.tech/repairs/battery/iphone-16-plus.html","battery repair","","","","high","iPhone 16 Plus battery repair guide for weak battery health, fast drain, shutdowns, or charging issues, with 62 photos, safety notes, screw checks, and closing tests."
"site_target_page","iphone 16 pro battery replacement guide","https://fixmob.tech/repairs/battery/iphone-16-pro.html","battery repair","","","","high","iPhone 16 Pro battery repair guide for weak battery health, fast drain, shutdowns, or charging issues, with 84 photos, safety notes, screw checks, and closing tests."
"site_target_page","iphone 16 pro max battery replacement guide","https://fixmob.tech/repairs/battery/iphone-16-pro-max.html","battery repair","","","","high","iPhone 16 Pro Max battery repair guide for weak battery health, fast drain, shutdowns, or charging issues, with 81 photos, safety notes, screw checks, and closing tests."
"site_target_page","iphone 16e battery replacement guide","https://fixmob.tech/repairs/battery/iphone-16e.html","battery repair","","","","high","iPhone 16e battery repair guide for weak battery health, fast drain, shutdowns, or charging issues, with 56 photos, safety notes, screw checks, and closing tests."
"site_target_page","iphone 17 battery replacement guide","https://fixmob.tech/repairs/battery/iphone-17.html","battery repair","","","","high","iPhone 17 battery repair guide for weak battery health, fast drain, shutdowns, or charging issues, with 62 photos, safety notes, screw checks, and closing tests."
"site_target_page","iphone 17 pro battery replacement guide","https://fixmob.tech/repairs/battery/iphone-17-pro.html","battery repair","","","","high","iPhone 17 Pro battery repair guide for weak battery health, fast drain, shutdowns, or charging issues, with 50 photos, safety notes, screw checks, and closing tests."
"site_target_page","iphone 17 pro max battery replacement guide","https://fixmob.tech/repairs/battery/iphone-17-pro-max.html","battery repair","","","","high","iPhone 17 Pro Max battery repair guide for weak battery health, fast drain, shutdowns, or charging issues, with 50 photos, safety notes, screw checks, and closing tests."
"site_target_page","iphone 17e battery replacement guide","https://fixmob.tech/repairs/battery/iphone-17e.html","battery repair","","","","high","iPhone 17e battery repair guide for weak battery health, fast drain, shutdowns, or charging issues, with 56 photos, safety notes, screw checks, and closing tests."
"site_target_page","iphone air battery replacement guide","https://fixmob.tech/repairs/battery/iphone-air.html","battery repair","","","","high","iPhone Air battery repair guide for weak battery health, fast drain, shutdowns, or charging issues, with 29 photos, safety notes, screw checks, and closing tests."
"site_target_page","iphone x battery replacement guide","https://fixmob.tech/repairs/battery/iphone-x.html","battery repair","","","","high","iPhone X battery repair guide for weak battery health, fast drain, shutdowns, or charging issues, with 48 photos, safety notes, screw checks, and closing tests."
"site_target_page","iphone xr battery replacement guide","https://fixmob.tech/repairs/battery/iphone-xr.html","battery repair","","","","high","iPhone XR battery repair guide for weak battery health, fast drain, shutdowns, or charging issues, with 42 photos, safety notes, screw checks, and closing tests."
"site_target_page","iphone xs battery replacement guide","https://fixmob.tech/repairs/battery/iphone-xs.html","battery repair","","","","high","iPhone XS battery repair guide for weak battery health, fast drain, shutdowns, or charging issues, with 48 photos, safety notes, screw checks, and closing tests."
"site_target_page","iphone xs max battery replacement guide","https://fixmob.tech/repairs/battery/iphone-xs-max.html","battery repair","","","","high","iPhone XS Max battery repair guide for weak battery health, fast drain, shutdowns, or charging issues, with 50 photos, safety notes, screw checks, and closing tests."
"site_target_page","iphone 11 pro max screen replacement guide","https://fixmob.tech/repairs/screen/iphone-11-pro-max.html","screen repair","","","","high","iPhone 11 Pro Max screen repair guide for cracked glass, black screen, green lines, or touch issues, with 32 photos, safety notes, screw checks, and closing tests."
"site_target_page","iphone 11 pro screen replacement guide","https://fixmob.tech/repairs/screen/iphone-11-pro.html","screen repair","","","","high","iPhone 11 Pro screen repair guide for cracked glass, black screen, green lines, or touch issues, with 32 photos, safety notes, screw checks, and closing tests."
"site_target_page","iphone 11 screen replacement guide","https://fixmob.tech/repairs/screen/iphone-11.html","screen repair","","","","high","iPhone 11 screen repair guide for cracked glass, black screen, green lines, or touch issues, with 33 photos, safety notes, screw checks, and closing tests."
"site_target_page","iphone 12 mini screen replacement guide","https://fixmob.tech/repairs/screen/iphone-12-mini.html","screen repair","","","","high","iPhone 12 mini screen repair guide for cracked glass, black screen, green lines, or touch issues, with 32 photos, safety notes, screw checks, and closing tests."
"site_target_page","iphone 12 pro max screen replacement guide","https://fixmob.tech/repairs/screen/iphone-12-pro-max.html","screen repair","","","","high","iPhone 12 Pro Max screen repair guide for cracked glass, black screen, green lines, or touch issues, with 32 photos, safety notes, screw checks, and closing tests."
"site_target_page","iphone 12 pro screen replacement guide","https://fixmob.tech/repairs/screen/iphone-12-pro.html","screen repair","","","","high","iPhone 12 Pro screen repair guide for cracked glass, black screen, green lines, or touch issues, with 33 photos, safety notes, screw checks, and closing tests."
"site_target_page","iphone 12 screen replacement guide","https://fixmob.tech/repairs/screen/iphone-12.html","screen repair","","","","high","iPhone 12 screen repair guide for cracked glass, black screen, green lines, or touch issues, with 33 photos, safety notes, screw checks, and closing tests."
"site_target_page","iphone 13 mini screen replacement guide","https://fixmob.tech/repairs/screen/iphone-13-mini.html","screen repair","","","","high","iPhone 13 mini screen repair guide for cracked glass, black screen, green lines, or touch issues, with 33 photos, safety notes, screw checks, and closing tests."
"site_target_page","iphone 13 pro max screen replacement guide","https://fixmob.tech/repairs/screen/iphone-13-pro-max.html","screen repair","","","","high","iPhone 13 Pro Max screen repair guide for cracked glass, black screen, green lines, or touch issues, with 34 photos, safety notes, screw checks, and closing tests."
"site_target_page","iphone 13 pro screen replacement guide","https://fixmob.tech/repairs/screen/iphone-13-pro.html","screen repair","","","","high","iPhone 13 Pro screen repair guide for cracked glass, black screen, green lines, or touch issues, with 34 photos, safety notes, screw checks, and closing tests."
"site_target_page","iphone 13 screen replacement guide","https://fixmob.tech/repairs/screen/iphone-13.html","screen repair","","","","high","iPhone 13 screen repair guide for cracked glass, black screen, green lines, or touch issues, with 34 photos, safety notes, screw checks, and closing tests."
"site_target_page","iphone 14 plus screen replacement guide","https://fixmob.tech/repairs/screen/iphone-14-plus.html","screen repair","","","","high","iPhone 14 Plus screen repair guide for cracked glass, black screen, green lines, or touch issues, with 28 photos, safety notes, screw checks, and closing tests."
"site_target_page","iphone 14 pro max screen replacement guide","https://fixmob.tech/repairs/screen/iphone-14-pro-max.html","screen repair","","","","high","iPhone 14 Pro Max screen repair guide for cracked glass, black screen, green lines, or touch issues, with 28 photos, safety notes, screw checks, and closing tests."
"site_target_page","iphone 14 pro screen replacement guide","https://fixmob.tech/repairs/screen/iphone-14-pro.html","screen repair","","","","high","iPhone 14 Pro screen repair guide for cracked glass, black screen, green lines, or touch issues, with 28 photos, safety notes, screw checks, and closing tests."
"site_target_page","iphone 14 screen replacement guide","https://fixmob.tech/repairs/screen/iphone-14.html","screen repair","","","","high","iPhone 14 screen repair guide for cracked glass, black screen, green lines, or touch issues, with 29 photos, safety notes, screw checks, and closing tests."
"site_target_page","iphone 15 plus screen replacement guide","https://fixmob.tech/repairs/screen/iphone-15-plus.html","screen repair","","","","high","iPhone 15 Plus screen repair guide for cracked glass, black screen, green lines, or touch issues, with 61 photos, safety notes, screw checks, and closing tests."
"site_target_page","iphone 15 pro max screen replacement guide","https://fixmob.tech/repairs/screen/iphone-15-pro-max.html","screen repair","","","","high","iPhone 15 Pro Max screen repair guide for cracked glass, black screen, green lines, or touch issues, with 33 photos, safety notes, screw checks, and closing tests."
"site_target_page","iphone 15 pro screen replacement guide","https://fixmob.tech/repairs/screen/iphone-15-pro.html","screen repair","","","","high","iPhone 15 Pro screen repair guide for cracked glass, black screen, green lines, or touch issues, with 59 photos, safety notes, screw checks, and closing tests."
"site_target_page","iphone 15 screen replacement guide","https://fixmob.tech/repairs/screen/iphone-15.html","screen repair","","","","high","iPhone 15 screen repair guide for cracked glass, black screen, green lines, or touch issues, with 64 photos, safety notes, screw checks, and closing tests."
"site_target_page","iphone 16 plus screen replacement guide","https://fixmob.tech/repairs/screen/iphone-16-plus.html","screen repair","","","","high","iPhone 16 Plus screen repair guide for cracked glass, black screen, green lines, or touch issues, with 51 photos, safety notes, screw checks, and closing tests."
"site_target_page","iphone 16 pro max screen replacement guide","https://fixmob.tech/repairs/screen/iphone-16-pro-max.html","screen repair","","","","high","iPhone 16 Pro Max screen repair guide for cracked glass, black screen, green lines, or touch issues, with 50 photos, safety notes, screw checks, and closing tests."
"site_target_page","iphone 16 pro screen replacement guide","https://fixmob.tech/repairs/screen/iphone-16-pro.html","screen repair","","","","high","iPhone 16 Pro screen repair guide for cracked glass, black screen, green lines, or touch issues, with 52 photos, safety notes, screw checks, and closing tests."
"site_target_page","iphone 16 screen replacement guide","https://fixmob.tech/repairs/screen/iphone-16.html","screen repair","","","","high","iPhone 16 screen repair guide for cracked glass, black screen, green lines, or touch issues, with 52 photos, safety notes, screw checks, and closing tests."
"site_target_page","iphone 16e screen replacement guide","https://fixmob.tech/repairs/screen/iphone-16e.html","screen repair","","","","high","iPhone 16e screen repair guide for cracked glass, black screen, green lines, or touch issues, with 41 photos, safety notes, screw checks, and closing tests."
"site_target_page","iphone 17 pro max screen replacement guide","https://fixmob.tech/repairs/screen/iphone-17-pro-max.html","screen repair","","","","high","iPhone 17 Pro Max screen repair guide for cracked glass, black screen, green lines, or touch issues, with 55 photos, safety notes, screw checks, and closing tests."
"site_target_page","iphone 17 pro screen replacement guide","https://fixmob.tech/repairs/screen/iphone-17-pro.html","screen repair","","","","high","iPhone 17 Pro screen repair guide for cracked glass, black screen, green lines, or touch issues, with 55 photos, safety notes, screw checks, and closing tests."
"site_target_page","iphone 17 screen replacement guide","https://fixmob.tech/repairs/screen/iphone-17.html","screen repair","","","","high","iPhone 17 screen repair guide for cracked glass, black screen, green lines, or touch issues, with 52 photos, safety notes, screw checks, and closing tests."
"site_target_page","iphone 17e screen replacement guide","https://fixmob.tech/repairs/screen/iphone-17e.html","screen repair","","","","high","iPhone 17e screen repair guide for cracked glass, black screen, green lines, or touch issues, with 41 photos, safety notes, screw checks, and closing tests."
"site_target_page","iphone air screen replacement guide","https://fixmob.tech/repairs/screen/iphone-air.html","screen repair","","","","high","iPhone Air screen repair guide for cracked glass, black screen, green lines, or touch issues, with 17 photos, safety notes, screw checks, and closing tests."
"site_target_page","iphone x screen replacement guide","https://fixmob.tech/repairs/screen/iphone-x.html","screen repair","","","","high","iPhone X screen repair guide for cracked glass, black screen, green lines, or touch issues, with 33 photos, safety notes, screw checks, and closing tests."
"site_target_page","iphone xr screen replacement guide","https://fixmob.tech/repairs/screen/iphone-xr.html","screen repair","","","","high","iPhone XR screen repair guide for cracked glass, black screen, green lines, or touch issues, with 32 photos, safety notes, screw checks, and closing tests."
"site_target_page","iphone xs max screen replacement guide","https://fixmob.tech/repairs/screen/iphone-xs-max.html","screen repair","","","","high","iPhone XS Max screen repair guide for cracked glass, black screen, green lines, or touch issues, with 33 photos, safety notes, screw checks, and closing tests."
"site_target_page","iphone xs screen replacement guide","https://fixmob.tech/repairs/screen/iphone-xs.html","screen repair","","","","high","iPhone XS screen repair guide for cracked glass, black screen, green lines, or touch issues, with 32 photos, safety notes, screw checks, and closing tests."
"site_target_page","iphone screw location photos | screw maps by model","https://fixmob.tech/screw-location-photos.html","screw location","","","","high","Browse real iPhone screw location photos by model and repair type, with millimeter screw notes linked to verified iPhone repair guides."
"site_target_page","about fixmob iphone repair guides","https://fixmob.tech/about.html","site/navigation","","","","medium","Learn how FixMob organizes iPhone repair guides with model-specific photos, screw tables, safety notes, and clear repair page status labels."
"site_target_page","contact fixmob iphone repair guides","https://fixmob.tech/contact.html","site/navigation","","","","medium","Contact FixMob for iPhone repair guide corrections, privacy questions, policy questions, and website feedback."
"site_target_page","fixmob | iphone repair guides for screens, batteries, back glass","https://fixmob.tech/","site/navigation","","","","medium","US-focused iPhone repair guide hub for screen replacement, battery replacement, back glass repair, screw maps, local repair photos, tools, and model-specific safety checks."
"site_target_page","fixmob privacy policy","https://fixmob.tech/privacy.html","site/navigation","","","","medium","Read the FixMob privacy policy for hosting logs, cookies, advertising, analytics, affiliate links, and visitor privacy choices."
"site_target_page","fixmob site map | iphone repair guide index","https://fixmob.tech/site-map.html","site/navigation","","","","medium","Browse every public FixMob iPhone repair guide, screw photo page, and repair category page from one crawlable site map."
"site_target_page","fixmob terms and repair disclaimer","https://fixmob.tech/terms.html","site/navigation","","","","medium","Read the FixMob terms, repair disclaimer, trademark notice, and safety limitations for iPhone repair information."
"site_target_page","iphone back glass repair guides by model","https://fixmob.tech/back-glass-repair-guides.html","site/navigation","","","","medium","Browse iPhone back glass repair guides by model, with repair photos, heat and glass safety notes, wireless charging precautions, and screw maps."
"site_target_page","iphone battery replacement guides by model","https://fixmob.tech/battery-replacement-guides.html","site/navigation","","","","medium","Browse iPhone battery replacement guides by model, with safe discharge instructions, repair photos, adhesive removal notes, tools, and screw measurements."
"site_target_page","iphone screen replacement guides by model","https://fixmob.tech/screen-repair-guides.html","site/navigation","","","","medium","Browse iPhone screen replacement guides by model, with repair photos, safety notes, display cable warnings, tools, and screw measurements."
