"rel","title","titleLen","descLen","h1","canonical","wordCount","imgs","missingAlt","jsonTypes"
"repairs/backglass/iphone-11-pro-max.html","iPhone 11 Pro Max Back Glass Replacement Guide","46","175","iPhone 11 Pro Max Back Glass Replacement Guide","https://fixmob.tech/repairs/backglass/iphone-11-pro-max.html","1606","10","0","BreadcrumbList|ListItem|ListItem|ListItem|Article|Thing|Thing|Thing|Organization|Organization|ImageObject"
"repairs/backglass/iphone-11-pro.html","iPhone 11 Pro Back Glass Replacement Guide","42","171","iPhone 11 Pro Back Glass Replacement Guide","https://fixmob.tech/repairs/backglass/iphone-11-pro.html","1556","10","0","BreadcrumbList|ListItem|ListItem|ListItem|Article|Thing|Thing|Thing|Organization|Organization|ImageObject"
"repairs/backglass/iphone-11.html","iPhone 11 Back Glass Replacement Guide","38","167","iPhone 11 Back Glass Replacement Guide","https://fixmob.tech/repairs/backglass/iphone-11.html","1518","10","0","BreadcrumbList|ListItem|ListItem|ListItem|Article|Thing|Thing|Thing|Organization|Organization|ImageObject"
"repairs/backglass/iphone-12-mini.html","iPhone 12 mini Back Glass Replacement Guide","43","172","iPhone 12 mini Back Glass Replacement Guide","https://fixmob.tech/repairs/backglass/iphone-12-mini.html","1568","10","0","BreadcrumbList|ListItem|ListItem|ListItem|Article|Thing|Thing|Thing|Organization|Organization|ImageObject"
"repairs/backglass/iphone-12-pro-max.html","iPhone 12 Pro Max Back Glass Replacement Guide","46","175","iPhone 12 Pro Max Back Glass Replacement Guide","https://fixmob.tech/repairs/backglass/iphone-12-pro-max.html","1615","10","0","BreadcrumbList|ListItem|ListItem|ListItem|Article|Thing|Thing|Thing|Organization|Organization|ImageObject"
"repairs/backglass/iphone-12-pro.html","iPhone 12 Pro Back Glass Replacement Guide","42","171","iPhone 12 Pro Back Glass Replacement Guide","https://fixmob.tech/repairs/backglass/iphone-12-pro.html","1568","10","0","BreadcrumbList|ListItem|ListItem|ListItem|Article|Thing|Thing|Thing|Organization|Organization|ImageObject"
"repairs/backglass/iphone-12.html","iPhone 12 Back Glass Replacement Guide","38","167","iPhone 12 Back Glass Replacement Guide","https://fixmob.tech/repairs/backglass/iphone-12.html","1450","9","0","BreadcrumbList|ListItem|ListItem|ListItem|Article|Thing|Thing|Thing|Organization|Organization|ImageObject"
"repairs/backglass/iphone-13-mini.html","iPhone 13 mini Back Glass Replacement Guide","43","172","iPhone 13 mini Back Glass Replacement Guide","https://fixmob.tech/repairs/backglass/iphone-13-mini.html","1564","10","0","BreadcrumbList|ListItem|ListItem|ListItem|Article|Thing|Thing|Thing|Organization|Organization|ImageObject"
"repairs/backglass/iphone-13-pro-max.html","iPhone 13 Pro Max Back Glass Replacement Guide","46","175","iPhone 13 Pro Max Back Glass Replacement Guide","https://fixmob.tech/repairs/backglass/iphone-13-pro-max.html","1614","10","0","BreadcrumbList|ListItem|ListItem|ListItem|Article|Thing|Thing|Thing|Organization|Organization|ImageObject"
"repairs/backglass/iphone-13-pro.html","iPhone 13 Pro Back Glass Replacement Guide","42","171","iPhone 13 Pro Back Glass Replacement Guide","https://fixmob.tech/repairs/backglass/iphone-13-pro.html","1561","10","0","BreadcrumbList|ListItem|ListItem|ListItem|Article|Thing|Thing|Thing|Organization|Organization|ImageObject"
"repairs/backglass/iphone-13.html","iPhone 13 Back Glass Replacement Guide","38","167","iPhone 13 Back Glass Replacement Guide","https://fixmob.tech/repairs/backglass/iphone-13.html","1514","10","0","BreadcrumbList|ListItem|ListItem|ListItem|Article|Thing|Thing|Thing|Organization|Organization|ImageObject"
"repairs/backglass/iphone-14-plus.html","iPhone 14 Plus Back Glass Replacement Guide","43","173","iPhone 14 Plus Back Glass Replacement Guide","https://fixmob.tech/repairs/backglass/iphone-14-plus.html","2919","23","0","BreadcrumbList|ListItem|ListItem|ListItem|Article|Thing|Thing|Thing|Organization|Organization|ImageObject"
"repairs/backglass/iphone-14-pro-max.html","iPhone 14 Pro Max Back Glass Replacement Guide","46","175","iPhone 14 Pro Max Back Glass Replacement Guide","https://fixmob.tech/repairs/backglass/iphone-14-pro-max.html","1614","10","0","BreadcrumbList|ListItem|ListItem|ListItem|Article|Thing|Thing|Thing|Organization|Organization|ImageObject"
"repairs/backglass/iphone-14-pro.html","iPhone 14 Pro Back Glass Replacement Guide","42","171","iPhone 14 Pro Back Glass Replacement Guide","https://fixmob.tech/repairs/backglass/iphone-14-pro.html","1564","10","0","BreadcrumbList|ListItem|ListItem|ListItem|Article|Thing|Thing|Thing|Organization|Organization|ImageObject"
"repairs/backglass/iphone-14.html","iPhone 14 Back Glass Replacement Guide","38","168","iPhone 14 Back Glass Replacement Guide","https://fixmob.tech/repairs/backglass/iphone-14.html","2854","23","0","BreadcrumbList|ListItem|ListItem|ListItem|Article|Thing|Thing|Thing|Organization|Organization|ImageObject"
"repairs/backglass/iphone-15-plus.html","iPhone 15 Plus Back Glass Replacement Guide","43","173","iPhone 15 Plus Back Glass Replacement Guide","https://fixmob.tech/repairs/backglass/iphone-15-plus.html","5546","50","0","BreadcrumbList|ListItem|ListItem|ListItem|Article|Thing|Thing|Thing|Organization|Organization|ImageObject"
"repairs/backglass/iphone-15-pro-max.html","iPhone 15 Pro Max Back Glass Replacement Guide","46","176","iPhone 15 Pro Max Back Glass Replacement Guide","https://fixmob.tech/repairs/backglass/iphone-15-pro-max.html","4970","45","0","BreadcrumbList|ListItem|ListItem|ListItem|Article|Thing|Thing|Thing|Organization|Organization|ImageObject"
"repairs/backglass/iphone-15-pro.html","iPhone 15 Pro Back Glass Replacement Guide","42","172","iPhone 15 Pro Back Glass Replacement Guide","https://fixmob.tech/repairs/backglass/iphone-15-pro.html","4826","45","0","BreadcrumbList|ListItem|ListItem|ListItem|Article|Thing|Thing|Thing|Organization|Organization|ImageObject"
"repairs/backglass/iphone-15.html","iPhone 15 Back Glass Replacement Guide","38","168","iPhone 15 Back Glass Replacement Guide","https://fixmob.tech/repairs/backglass/iphone-15.html","5349","50","0","BreadcrumbList|ListItem|ListItem|ListItem|Article|Thing|Thing|Thing|Organization|Organization|ImageObject"
"repairs/backglass/iphone-16-plus.html","iPhone 16 Plus Back Glass Replacement Guide","43","173","iPhone 16 Plus Back Glass Replacement Guide","https://fixmob.tech/repairs/backglass/iphone-16-plus.html","5302","46","0","BreadcrumbList|ListItem|ListItem|ListItem|Article|Thing|Thing|Thing|Organization|Organization|ImageObject"
"repairs/backglass/iphone-16-pro-max.html","iPhone 16 Pro Max Back Glass Replacement Guide","46","176","iPhone 16 Pro Max Back Glass Replacement Guide","https://fixmob.tech/repairs/backglass/iphone-16-pro-max.html","5330","48","0","BreadcrumbList|ListItem|ListItem|ListItem|Article|Thing|Thing|Thing|Organization|Organization|ImageObject"
"repairs/backglass/iphone-16-pro.html","iPhone 16 Pro Back Glass Replacement Guide","42","172","iPhone 16 Pro Back Glass Replacement Guide","https://fixmob.tech/repairs/backglass/iphone-16-pro.html","5228","48","0","BreadcrumbList|ListItem|ListItem|ListItem|Article|Thing|Thing|Thing|Organization|Organization|ImageObject"
"repairs/backglass/iphone-16.html","iPhone 16 Back Glass Replacement Guide","38","168","iPhone 16 Back Glass Replacement Guide","https://fixmob.tech/repairs/backglass/iphone-16.html","5084","46","0","BreadcrumbList|ListItem|ListItem|ListItem|Article|Thing|Thing|Thing|Organization|Organization|ImageObject"
"repairs/backglass/iphone-16e.html","iPhone 16e Back Glass Replacement Guide","39","169","iPhone 16e Back Glass Replacement Guide","https://fixmob.tech/repairs/backglass/iphone-16e.html","4876","46","0","BreadcrumbList|ListItem|ListItem|ListItem|Article|Thing|Thing|Thing|Organization|Organization|ImageObject"
"repairs/backglass/iphone-17-pro-max.html","iPhone 17 Pro Max Back Glass Replacement Guide","46","176","iPhone 17 Pro Max Back Glass Replacement Guide","https://fixmob.tech/repairs/backglass/iphone-17-pro-max.html","3289","28","0","BreadcrumbList|ListItem|ListItem|ListItem|Article|Thing|Thing|Thing|Organization|Organization|ImageObject"
"repairs/backglass/iphone-17-pro.html","iPhone 17 Pro Back Glass Replacement Guide","42","172","iPhone 17 Pro Back Glass Replacement Guide","https://fixmob.tech/repairs/backglass/iphone-17-pro.html","3201","28","0","BreadcrumbList|ListItem|ListItem|ListItem|Article|Thing|Thing|Thing|Organization|Organization|ImageObject"
"repairs/backglass/iphone-17.html","iPhone 17 Back Glass Replacement Guide","38","168","iPhone 17 Back Glass Replacement Guide","https://fixmob.tech/repairs/backglass/iphone-17.html","5093","46","0","BreadcrumbList|ListItem|ListItem|ListItem|Article|Thing|Thing|Thing|Organization|Organization|ImageObject"
"repairs/backglass/iphone-17e.html","iPhone 17e Back Glass Replacement Guide","39","169","iPhone 17e Back Glass Replacement Guide","https://fixmob.tech/repairs/backglass/iphone-17e.html","4885","46","0","BreadcrumbList|ListItem|ListItem|ListItem|Article|Thing|Thing|Thing|Organization|Organization|ImageObject"
"repairs/backglass/iphone-air.html","iPhone Air Back Glass Replacement Guide","39","169","iPhone Air Back Glass Replacement Guide","https://fixmob.tech/repairs/backglass/iphone-air.html","3063","24","0","BreadcrumbList|ListItem|ListItem|ListItem|Article|Thing|Thing|Thing|Organization|Organization|ImageObject"
"repairs/backglass/iphone-x.html","iPhone X Back Glass Replacement Guide","37","166","iPhone X Back Glass Replacement Guide","https://fixmob.tech/repairs/backglass/iphone-x.html","1210","6","0","BreadcrumbList|ListItem|ListItem|ListItem|Article|Thing|Thing|Thing|Organization|Organization|ImageObject"
"repairs/backglass/iphone-xr.html","iPhone XR Back Glass Replacement Guide","38","168","iPhone XR Back Glass Replacement Guide","https://fixmob.tech/repairs/backglass/iphone-xr.html","5292","49","0","BreadcrumbList|ListItem|ListItem|ListItem|Article|Thing|Thing|Thing|Organization|Organization|ImageObject"
"repairs/backglass/iphone-xs-max.html","iPhone XS Max Back Glass Replacement Guide","42","171","iPhone XS Max Back Glass Replacement Guide","https://fixmob.tech/repairs/backglass/iphone-xs-max.html","1571","10","0","BreadcrumbList|ListItem|ListItem|ListItem|Article|Thing|Thing|Thing|Organization|Organization|ImageObject"
"repairs/backglass/iphone-xs.html","iPhone XS Back Glass Replacement Guide","38","167","iPhone XS Back Glass Replacement Guide","https://fixmob.tech/repairs/backglass/iphone-xs.html","1521","10","0","BreadcrumbList|ListItem|ListItem|ListItem|Article|Thing|Thing|Thing|Organization|Organization|ImageObject"
"repairs/battery/iphone-11-pro-max.html","iPhone 11 Pro Max Battery Replacement Guide","43","169","iPhone 11 Pro Max Battery Replacement Guide","https://fixmob.tech/repairs/battery/iphone-11-pro-max.html","5166","45","0","BreadcrumbList|ListItem|ListItem|ListItem|Article|Thing|Thing|Thing|Organization|Organization|ImageObject"
"repairs/battery/iphone-11-pro.html","iPhone 11 Pro Battery Replacement Guide","39","165","iPhone 11 Pro Battery Replacement Guide","https://fixmob.tech/repairs/battery/iphone-11-pro.html","5050","45","0","BreadcrumbList|ListItem|ListItem|ListItem|Article|Thing|Thing|Thing|Organization|Organization|ImageObject"
"repairs/battery/iphone-11.html","iPhone 11 Battery Replacement Guide","35","161","iPhone 11 Battery Replacement Guide","https://fixmob.tech/repairs/battery/iphone-11.html","5225","50","0","BreadcrumbList|ListItem|ListItem|ListItem|Article|Thing|Thing|Thing|Organization|Organization|ImageObject"
"repairs/battery/iphone-12-mini.html","iPhone 12 mini Battery Replacement Guide","40","166","iPhone 12 mini Battery Replacement Guide","https://fixmob.tech/repairs/battery/iphone-12-mini.html","4343","37","0","BreadcrumbList|ListItem|ListItem|ListItem|Article|Thing|Thing|Thing|Organization|Organization|ImageObject"
"repairs/battery/iphone-12-pro-max.html","iPhone 12 Pro Max Battery Replacement Guide","43","169","iPhone 12 Pro Max Battery Replacement Guide","https://fixmob.tech/repairs/battery/iphone-12-pro-max.html","5060","43","0","BreadcrumbList|ListItem|ListItem|ListItem|Article|Thing|Thing|Thing|Organization|Organization|ImageObject"
"repairs/battery/iphone-12-pro.html","iPhone 12 Pro Battery Replacement Guide","39","165","iPhone 12 Pro Battery Replacement Guide","https://fixmob.tech/repairs/battery/iphone-12-pro.html","5639","51","0","BreadcrumbList|ListItem|ListItem|ListItem|Article|Thing|Thing|Thing|Organization|Organization|ImageObject"
"repairs/battery/iphone-12.html","iPhone 12 Battery Replacement Guide","35","161","iPhone 12 Battery Replacement Guide","https://fixmob.tech/repairs/battery/iphone-12.html","5511","51","0","BreadcrumbList|ListItem|ListItem|ListItem|Article|Thing|Thing|Thing|Organization|Organization|ImageObject"
"repairs/battery/iphone-13-mini.html","iPhone 13 mini Battery Replacement Guide","40","166","iPhone 13 mini Battery Replacement Guide","https://fixmob.tech/repairs/battery/iphone-13-mini.html","4162","36","0","BreadcrumbList|ListItem|ListItem|ListItem|Article|Thing|Thing|Thing|Organization|Organization|ImageObject"
"repairs/battery/iphone-13-pro-max.html","iPhone 13 Pro Max Battery Replacement Guide","43","169","iPhone 13 Pro Max Battery Replacement Guide","https://fixmob.tech/repairs/battery/iphone-13-pro-max.html","4746","40","0","BreadcrumbList|ListItem|ListItem|ListItem|Article|Thing|Thing|Thing|Organization|Organization|ImageObject"
"repairs/battery/iphone-13-pro.html","iPhone 13 Pro Battery Replacement Guide","39","165","iPhone 13 Pro Battery Replacement Guide","https://fixmob.tech/repairs/battery/iphone-13-pro.html","4623","40","0","BreadcrumbList|ListItem|ListItem|ListItem|Article|Thing|Thing|Thing|Organization|Organization|ImageObject"
"repairs/battery/iphone-13.html","iPhone 13 Battery Replacement Guide","35","161","iPhone 13 Battery Replacement Guide","https://fixmob.tech/repairs/battery/iphone-13.html","4516","39","0","BreadcrumbList|ListItem|ListItem|ListItem|Article|Thing|Thing|Thing|Organization|Organization|ImageObject"
"repairs/battery/iphone-14-plus.html","iPhone 14 Plus Battery Replacement Guide","40","166","iPhone 14 Plus Battery Replacement Guide","https://fixmob.tech/repairs/battery/iphone-14-plus.html","3641","29","0","BreadcrumbList|ListItem|ListItem|ListItem|Article|Thing|Thing|Thing|Organization|Organization|ImageObject"
"repairs/battery/iphone-14-pro-max.html","iPhone 14 Pro Max Battery Replacement Guide","43","169","iPhone 14 Pro Max Battery Replacement Guide","https://fixmob.tech/repairs/battery/iphone-14-pro-max.html","4765","39","0","BreadcrumbList|ListItem|ListItem|ListItem|Article|Thing|Thing|Thing|Organization|Organization|ImageObject"
"repairs/battery/iphone-14-pro.html","iPhone 14 Pro Battery Replacement Guide","39","165","iPhone 14 Pro Battery Replacement Guide","https://fixmob.tech/repairs/battery/iphone-14-pro.html","4548","38","0","BreadcrumbList|ListItem|ListItem|ListItem|Article|Thing|Thing|Thing|Organization|Organization|ImageObject"
"repairs/battery/iphone-14.html","iPhone 14 Battery Replacement Guide","35","161","iPhone 14 Battery Replacement Guide","https://fixmob.tech/repairs/battery/iphone-14.html","3562","29","0","BreadcrumbList|ListItem|ListItem|ListItem|Article|Thing|Thing|Thing|Organization|Organization|ImageObject"
"repairs/battery/iphone-15-plus.html","iPhone 15 Plus Battery Replacement Guide","40","166","iPhone 15 Plus Battery Replacement Guide","https://fixmob.tech/repairs/battery/iphone-15-plus.html","6760","63","0","BreadcrumbList|ListItem|ListItem|ListItem|Article|Thing|Thing|Thing|Organization|Organization|ImageObject"
"repairs/battery/iphone-15-pro-max.html","iPhone 15 Pro Max Battery Replacement Guide","43","169","iPhone 15 Pro Max Battery Replacement Guide","https://fixmob.tech/repairs/battery/iphone-15-pro-max.html","4401","38","0","BreadcrumbList|ListItem|ListItem|ListItem|Article|Thing|Thing|Thing|Organization|Organization|ImageObject"
"repairs/battery/iphone-15-pro.html","iPhone 15 Pro Battery Replacement Guide","39","165","iPhone 15 Pro Battery Replacement Guide","https://fixmob.tech/repairs/battery/iphone-15-pro.html","7033","71","0","BreadcrumbList|ListItem|ListItem|ListItem|Article|Thing|Thing|Thing|Organization|Organization|ImageObject"
"repairs/battery/iphone-15.html","iPhone 15 Battery Replacement Guide","35","161","iPhone 15 Battery Replacement Guide","https://fixmob.tech/repairs/battery/iphone-15.html","6445","62","0","BreadcrumbList|ListItem|ListItem|ListItem|Article|Thing|Thing|Thing|Organization|Organization|ImageObject"
"repairs/battery/iphone-16-plus.html","iPhone 16 Plus Battery Replacement Guide","40","166","iPhone 16 Plus Battery Replacement Guide","https://fixmob.tech/repairs/battery/iphone-16-plus.html","6635","64","0","BreadcrumbList|ListItem|ListItem|ListItem|Article|Thing|Thing|Thing|Organization|Organization|ImageObject"
"repairs/battery/iphone-16-pro-max.html","iPhone 16 Pro Max Battery Replacement Guide","43","169","iPhone 16 Pro Max Battery Replacement Guide","https://fixmob.tech/repairs/battery/iphone-16-pro-max.html","8237","83","0","BreadcrumbList|ListItem|ListItem|ListItem|Article|Thing|Thing|Thing|Organization|Organization|ImageObject"
"repairs/battery/iphone-16-pro.html","iPhone 16 Pro Battery Replacement Guide","39","165","iPhone 16 Pro Battery Replacement Guide","https://fixmob.tech/repairs/battery/iphone-16-pro.html","8459","86","0","BreadcrumbList|ListItem|ListItem|ListItem|Article|Thing|Thing|Thing|Organization|Organization|ImageObject"
"repairs/battery/iphone-16.html","iPhone 16 Battery Replacement Guide","35","161","iPhone 16 Battery Replacement Guide","https://fixmob.tech/repairs/battery/iphone-16.html","6372","64","0","BreadcrumbList|ListItem|ListItem|ListItem|Article|Thing|Thing|Thing|Organization|Organization|ImageObject"
"repairs/battery/iphone-16e.html","iPhone 16e Battery Replacement Guide","36","162","iPhone 16e Battery Replacement Guide","https://fixmob.tech/repairs/battery/iphone-16e.html","5704","58","0","BreadcrumbList|ListItem|ListItem|ListItem|Article|Thing|Thing|Thing|Organization|Organization|ImageObject"
"repairs/battery/iphone-17-pro-max.html","iPhone 17 Pro Max Battery Replacement Guide","43","169","iPhone 17 Pro Max Battery Replacement Guide","https://fixmob.tech/repairs/battery/iphone-17-pro-max.html","5643","52","0","BreadcrumbList|ListItem|ListItem|ListItem|Article|Thing|Thing|Thing|Organization|Organization|ImageObject"
"repairs/battery/iphone-17-pro.html","iPhone 17 Pro Battery Replacement Guide","39","165","iPhone 17 Pro Battery Replacement Guide","https://fixmob.tech/repairs/battery/iphone-17-pro.html","5536","52","0","BreadcrumbList|ListItem|ListItem|ListItem|Article|Thing|Thing|Thing|Organization|Organization|ImageObject"
"repairs/battery/iphone-17.html","iPhone 17 Battery Replacement Guide","35","161","iPhone 17 Battery Replacement Guide","https://fixmob.tech/repairs/battery/iphone-17.html","6381","64","0","BreadcrumbList|ListItem|ListItem|ListItem|Article|Thing|Thing|Thing|Organization|Organization|ImageObject"
"repairs/battery/iphone-17e.html","iPhone 17e Battery Replacement Guide","36","162","iPhone 17e Battery Replacement Guide","https://fixmob.tech/repairs/battery/iphone-17e.html","5713","58","0","BreadcrumbList|ListItem|ListItem|ListItem|Article|Thing|Thing|Thing|Organization|Organization|ImageObject"
"repairs/battery/iphone-air.html","iPhone Air Battery Replacement Guide","36","162","iPhone Air Battery Replacement Guide","https://fixmob.tech/repairs/battery/iphone-air.html","3604","31","0","BreadcrumbList|ListItem|ListItem|ListItem|Article|Thing|Thing|Thing|Organization|Organization|ImageObject"
"repairs/battery/iphone-x.html","iPhone X Battery Replacement Guide","34","160","iPhone X Battery Replacement Guide","https://fixmob.tech/repairs/battery/iphone-x.html","5376","50","0","BreadcrumbList|ListItem|ListItem|ListItem|Article|Thing|Thing|Thing|Organization|Organization|ImageObject"
"repairs/battery/iphone-xr.html","iPhone XR Battery Replacement Guide","35","161","iPhone XR Battery Replacement Guide","https://fixmob.tech/repairs/battery/iphone-xr.html","4918","44","0","BreadcrumbList|ListItem|ListItem|ListItem|Article|Thing|Thing|Thing|Organization|Organization|ImageObject"
"repairs/battery/iphone-xs-max.html","iPhone XS Max Battery Replacement Guide","39","165","iPhone XS Max Battery Replacement Guide","https://fixmob.tech/repairs/battery/iphone-xs-max.html","5751","52","0","BreadcrumbList|ListItem|ListItem|ListItem|Article|Thing|Thing|Thing|Organization|Organization|ImageObject"
"repairs/battery/iphone-xs.html","iPhone XS Battery Replacement Guide","35","161","iPhone XS Battery Replacement Guide","https://fixmob.tech/repairs/battery/iphone-xs.html","5470","50","0","BreadcrumbList|ListItem|ListItem|ListItem|Article|Thing|Thing|Thing|Organization|Organization|ImageObject"
"repairs/screen/iphone-11-pro-max.html","iPhone 11 Pro Max Screen Replacement Guide","42","163","iPhone 11 Pro Max Screen Replacement Guide","https://fixmob.tech/repairs/screen/iphone-11-pro-max.html","4148","34","0","BreadcrumbList|ListItem|ListItem|ListItem|Article|Thing|Thing|Thing|Organization|Organization|ImageObject"
"repairs/screen/iphone-11-pro.html","iPhone 11 Pro Screen Replacement Guide","38","159","iPhone 11 Pro Screen Replacement Guide","https://fixmob.tech/repairs/screen/iphone-11-pro.html","4060","34","0","BreadcrumbList|ListItem|ListItem|ListItem|Article|Thing|Thing|Thing|Organization|Organization|ImageObject"
"repairs/screen/iphone-11.html","iPhone 11 Screen Replacement Guide","34","155","iPhone 11 Screen Replacement Guide","https://fixmob.tech/repairs/screen/iphone-11.html","3874","35","0","BreadcrumbList|ListItem|ListItem|ListItem|Article|Thing|Thing|Thing|Organization|Organization|ImageObject"
"repairs/screen/iphone-12-mini.html","iPhone 12 mini Screen Replacement Guide","39","160","iPhone 12 mini Screen Replacement Guide","https://fixmob.tech/repairs/screen/iphone-12-mini.html","4082","34","0","BreadcrumbList|ListItem|ListItem|ListItem|Article|Thing|Thing|Thing|Organization|Organization|ImageObject"
"repairs/screen/iphone-12-pro-max.html","iPhone 12 Pro Max Screen Replacement Guide","42","163","iPhone 12 Pro Max Screen Replacement Guide","https://fixmob.tech/repairs/screen/iphone-12-pro-max.html","4149","34","0","BreadcrumbList|ListItem|ListItem|ListItem|Article|Thing|Thing|Thing|Organization|Organization|ImageObject"
"repairs/screen/iphone-12-pro.html","iPhone 12 Pro Screen Replacement Guide","38","159","iPhone 12 Pro Screen Replacement Guide","https://fixmob.tech/repairs/screen/iphone-12-pro.html","4152","35","0","BreadcrumbList|ListItem|ListItem|ListItem|Article|Thing|Thing|Thing|Organization|Organization|ImageObject"
"repairs/screen/iphone-12.html","iPhone 12 Screen Replacement Guide","34","155","iPhone 12 Screen Replacement Guide","https://fixmob.tech/repairs/screen/iphone-12.html","4061","35","0","BreadcrumbList|ListItem|ListItem|ListItem|Article|Thing|Thing|Thing|Organization|Organization|ImageObject"
"repairs/screen/iphone-13-mini.html","iPhone 13 mini Screen Replacement Guide","39","160","iPhone 13 mini Screen Replacement Guide","https://fixmob.tech/repairs/screen/iphone-13-mini.html","3921","35","0","BreadcrumbList|ListItem|ListItem|ListItem|Article|Thing|Thing|Thing|Organization|Organization|ImageObject"
"repairs/screen/iphone-13-pro-max.html","iPhone 13 Pro Max Screen Replacement Guide","42","163","iPhone 13 Pro Max Screen Replacement Guide","https://fixmob.tech/repairs/screen/iphone-13-pro-max.html","4270","36","0","BreadcrumbList|ListItem|ListItem|ListItem|Article|Thing|Thing|Thing|Organization|Organization|ImageObject"
"repairs/screen/iphone-13-pro.html","iPhone 13 Pro Screen Replacement Guide","38","159","iPhone 13 Pro Screen Replacement Guide","https://fixmob.tech/repairs/screen/iphone-13-pro.html","4159","36","0","BreadcrumbList|ListItem|ListItem|ListItem|Article|Thing|Thing|Thing|Organization|Organization|ImageObject"
"repairs/screen/iphone-13.html","iPhone 13 Screen Replacement Guide","34","155","iPhone 13 Screen Replacement Guide","https://fixmob.tech/repairs/screen/iphone-13.html","4037","36","0","BreadcrumbList|ListItem|ListItem|ListItem|Article|Thing|Thing|Thing|Organization|Organization|ImageObject"
"repairs/screen/iphone-14-plus.html","iPhone 14 Plus Screen Replacement Guide","39","160","iPhone 14 Plus Screen Replacement Guide","https://fixmob.tech/repairs/screen/iphone-14-plus.html","3605","30","0","BreadcrumbList|ListItem|ListItem|ListItem|Article|Thing|Thing|Thing|Organization|Organization|ImageObject"
"repairs/screen/iphone-14-pro-max.html","iPhone 14 Pro Max Screen Replacement Guide","42","163","iPhone 14 Pro Max Screen Replacement Guide","https://fixmob.tech/repairs/screen/iphone-14-pro-max.html","3755","30","0","BreadcrumbList|ListItem|ListItem|ListItem|Article|Thing|Thing|Thing|Organization|Organization|ImageObject"
"repairs/screen/iphone-14-pro.html","iPhone 14 Pro Screen Replacement Guide","38","159","iPhone 14 Pro Screen Replacement Guide","https://fixmob.tech/repairs/screen/iphone-14-pro.html","3641","30","0","BreadcrumbList|ListItem|ListItem|ListItem|Article|Thing|Thing|Thing|Organization|Organization|ImageObject"
"repairs/screen/iphone-14.html","iPhone 14 Screen Replacement Guide","34","155","iPhone 14 Screen Replacement Guide","https://fixmob.tech/repairs/screen/iphone-14.html","3593","31","0","BreadcrumbList|ListItem|ListItem|ListItem|Article|Thing|Thing|Thing|Organization|Organization|ImageObject"
"repairs/screen/iphone-15-plus.html","iPhone 15 Plus Screen Replacement Guide","39","160","iPhone 15 Plus Screen Replacement Guide","https://fixmob.tech/repairs/screen/iphone-15-plus.html","6344","63","0","BreadcrumbList|ListItem|ListItem|ListItem|Article|Thing|Thing|Thing|Organization|Organization|ImageObject"
"repairs/screen/iphone-15-pro-max.html","iPhone 15 Pro Max Screen Replacement Guide","42","163","iPhone 15 Pro Max Screen Replacement Guide","https://fixmob.tech/repairs/screen/iphone-15-pro-max.html","3948","35","0","BreadcrumbList|ListItem|ListItem|ListItem|Article|Thing|Thing|Thing|Organization|Organization|ImageObject"
"repairs/screen/iphone-15-pro.html","iPhone 15 Pro Screen Replacement Guide","38","159","iPhone 15 Pro Screen Replacement Guide","https://fixmob.tech/repairs/screen/iphone-15-pro.html","6307","61","0","BreadcrumbList|ListItem|ListItem|ListItem|Article|Thing|Thing|Thing|Organization|Organization|ImageObject"
"repairs/screen/iphone-15.html","iPhone 15 Screen Replacement Guide","34","155","iPhone 15 Screen Replacement Guide","https://fixmob.tech/repairs/screen/iphone-15.html","6381","66","0","BreadcrumbList|ListItem|ListItem|ListItem|Article|Thing|Thing|Thing|Organization|Organization|ImageObject"
"repairs/screen/iphone-16-plus.html","iPhone 16 Plus Screen Replacement Guide","39","160","iPhone 16 Plus Screen Replacement Guide","https://fixmob.tech/repairs/screen/iphone-16-plus.html","5871","53","0","BreadcrumbList|ListItem|ListItem|ListItem|Article|Thing|Thing|Thing|Organization|Organization|ImageObject"
"repairs/screen/iphone-16-pro-max.html","iPhone 16 Pro Max Screen Replacement Guide","42","163","iPhone 16 Pro Max Screen Replacement Guide","https://fixmob.tech/repairs/screen/iphone-16-pro-max.html","5718","52","0","BreadcrumbList|ListItem|ListItem|ListItem|Article|Thing|Thing|Thing|Organization|Organization|ImageObject"
"repairs/screen/iphone-16-pro.html","iPhone 16 Pro Screen Replacement Guide","38","159","iPhone 16 Pro Screen Replacement Guide","https://fixmob.tech/repairs/screen/iphone-16-pro.html","5656","54","0","BreadcrumbList|ListItem|ListItem|ListItem|Article|Thing|Thing|Thing|Organization|Organization|ImageObject"
"repairs/screen/iphone-16.html","iPhone 16 Screen Replacement Guide","34","155","iPhone 16 Screen Replacement Guide","https://fixmob.tech/repairs/screen/iphone-16.html","5709","54","0","BreadcrumbList|ListItem|ListItem|ListItem|Article|Thing|Thing|Thing|Organization|Organization|ImageObject"
"repairs/screen/iphone-16e.html","iPhone 16e Screen Replacement Guide","35","156","iPhone 16e Screen Replacement Guide","https://fixmob.tech/repairs/screen/iphone-16e.html","4433","43","0","BreadcrumbList|ListItem|ListItem|ListItem|Article|Thing|Thing|Thing|Organization|Organization|ImageObject"
"repairs/screen/iphone-17-pro-max.html","iPhone 17 Pro Max Screen Replacement Guide","42","163","iPhone 17 Pro Max Screen Replacement Guide","https://fixmob.tech/repairs/screen/iphone-17-pro-max.html","6041","57","0","BreadcrumbList|ListItem|ListItem|ListItem|Article|Thing|Thing|Thing|Organization|Organization|ImageObject"
"repairs/screen/iphone-17-pro.html","iPhone 17 Pro Screen Replacement Guide","38","159","iPhone 17 Pro Screen Replacement Guide","https://fixmob.tech/repairs/screen/iphone-17-pro.html","5934","57","0","BreadcrumbList|ListItem|ListItem|ListItem|Article|Thing|Thing|Thing|Organization|Organization|ImageObject"
"repairs/screen/iphone-17.html","iPhone 17 Screen Replacement Guide","34","155","iPhone 17 Screen Replacement Guide","https://fixmob.tech/repairs/screen/iphone-17.html","5719","54","0","BreadcrumbList|ListItem|ListItem|ListItem|Article|Thing|Thing|Thing|Organization|Organization|ImageObject"
"repairs/screen/iphone-17e.html","iPhone 17e Screen Replacement Guide","35","156","iPhone 17e Screen Replacement Guide","https://fixmob.tech/repairs/screen/iphone-17e.html","4442","43","0","BreadcrumbList|ListItem|ListItem|ListItem|Article|Thing|Thing|Thing|Organization|Organization|ImageObject"
"repairs/screen/iphone-air.html","iPhone Air Screen Replacement Guide","35","156","iPhone Air Screen Replacement Guide","https://fixmob.tech/repairs/screen/iphone-air.html","2506","19","0","BreadcrumbList|ListItem|ListItem|ListItem|Article|Thing|Thing|Thing|Organization|Organization|ImageObject"
"repairs/screen/iphone-x.html","iPhone X Screen Replacement Guide","33","154","iPhone X Screen Replacement Guide","https://fixmob.tech/repairs/screen/iphone-x.html","4087","35","0","BreadcrumbList|ListItem|ListItem|ListItem|Article|Thing|Thing|Thing|Organization|Organization|ImageObject"
"repairs/screen/iphone-xr.html","iPhone XR Screen Replacement Guide","34","155","iPhone XR Screen Replacement Guide","https://fixmob.tech/repairs/screen/iphone-xr.html","4083","34","0","BreadcrumbList|ListItem|ListItem|ListItem|Article|Thing|Thing|Thing|Organization|Organization|ImageObject"
"repairs/screen/iphone-xs-max.html","iPhone XS Max Screen Replacement Guide","38","159","iPhone XS Max Screen Replacement Guide","https://fixmob.tech/repairs/screen/iphone-xs-max.html","4121","35","0","BreadcrumbList|ListItem|ListItem|ListItem|Article|Thing|Thing|Thing|Organization|Organization|ImageObject"
"repairs/screen/iphone-xs.html","iPhone XS Screen Replacement Guide","34","155","iPhone XS Screen Replacement Guide","https://fixmob.tech/repairs/screen/iphone-xs.html","4012","34","0","BreadcrumbList|ListItem|ListItem|ListItem|Article|Thing|Thing|Thing|Organization|Organization|ImageObject"
"about.html","About FixMob iPhone Repair Guides","33","140","About FixMob","https://fixmob.tech/about.html","309","1","0",""
"back-glass-repair-guides.html","iPhone Back Glass Repair Guides by Model","40","144","iPhone back glass repair guides","https://fixmob.tech/back-glass-repair-guides.html","745","34","0","CollectionPage|Organization|ItemList|ListItem|ListItem|ListItem|ListItem|ListItem|ListItem|ListItem|ListItem|ListItem|ListItem|ListItem|ListItem|ListItem|ListItem|ListItem|ListItem|ListItem|ListItem|ListItem|ListItem|ListItem|ListItem|ListItem|ListItem|ListItem|ListItem|ListItem|ListItem|ListItem|ListItem|ListItem|ListItem|ListItem"
"battery-replacement-guides.html","iPhone Battery Replacement Guides by Model","42","154","iPhone battery replacement guides","https://fixmob.tech/battery-replacement-guides.html","710","34","0","CollectionPage|Organization|ItemList|ListItem|ListItem|ListItem|ListItem|ListItem|ListItem|ListItem|ListItem|ListItem|ListItem|ListItem|ListItem|ListItem|ListItem|ListItem|ListItem|ListItem|ListItem|ListItem|ListItem|ListItem|ListItem|ListItem|ListItem|ListItem|ListItem|ListItem|ListItem|ListItem|ListItem|ListItem|ListItem|ListItem"
"contact.html","Contact FixMob iPhone Repair Guides","35","110","Contact FixMob","https://fixmob.tech/contact.html","251","1","0",""
"index.html","FixMob | iPhone Repair Guides for Screens, Batteries, Back Glass","64","172","iPhone replacement tutorials for screens, batteries, and back glass","https://fixmob.tech/","646","5","0","WebSite|Organization|ImageObject|ContactPoint"
"privacy.html","FixMob Privacy Policy","21","127","Privacy Policy","https://fixmob.tech/privacy.html","301","1","0",""
"screen-repair-guides.html","iPhone Screen Replacement Guides by Model","41","138","iPhone screen replacement guides","https://fixmob.tech/screen-repair-guides.html","710","34","0","CollectionPage|Organization|ItemList|ListItem|ListItem|ListItem|ListItem|ListItem|ListItem|ListItem|ListItem|ListItem|ListItem|ListItem|ListItem|ListItem|ListItem|ListItem|ListItem|ListItem|ListItem|ListItem|ListItem|ListItem|ListItem|ListItem|ListItem|ListItem|ListItem|ListItem|ListItem|ListItem|ListItem|ListItem|ListItem|ListItem"
"screw-location-photos.html","iPhone Screw Location Photos | Screw Maps by Model","50","135","iPhone screw location photos by model","https://fixmob.tech/screw-location-photos.html","5647","208","0","CollectionPage|ItemList|ListItem|ListItem|ListItem|ListItem|ListItem|ListItem|ListItem|ListItem|ListItem|ListItem|ListItem|ListItem|ListItem|ListItem|ListItem|ListItem|ListItem|ListItem|ListItem|ListItem|ListItem|ListItem|ListItem|ListItem|ListItem|ListItem|ListItem|ListItem|ListItem|ListItem|ListItem|ListItem|ListItem|ListItem|ListItem|ListItem|ListItem|ListItem|ListItem|ListItem|ListItem|ListItem|ListItem|ListItem|ListItem|ListItem|ListItem|ListItem|ListItem|ListItem|ListItem|ListItem|ListItem|ListItem|ListItem|ListItem|ListItem|ListItem|ListItem|ListItem|ListItem|ListItem|ListItem|ListItem|ListItem|ListItem|ListItem|ListItem|ListItem|ListItem|ListItem|ListItem|ListItem|ListItem|ListItem|ListItem|ListItem|ListItem|ListItem|ListItem|ListItem|ListItem|ListItem|ListItem|ListItem|ListItem|ListItem|ListItem|ListItem|ListItem|ListItem|ListItem|ListItem|ListItem|ListItem|ListItem|ListItem|ListItem|ListItem|ListItem|ListItem|ListItem|ListItem|ListItem|ListItem|ListItem|ListItem|ListItem|ListItem|ListItem|ListItem|ListItem|ListItem|ListItem|ListItem|ListItem|ListItem|ListItem|ListItem|ListItem|ListItem|ListItem|ListItem|ListItem|ListItem|ListItem|ListItem|ListItem|ListItem|ListItem|ListItem|ListItem|ListItem|ListItem|ListItem|ListItem|ListItem|ListItem|ListItem|ListItem|ListItem|ListItem|ListItem|ListItem|ListItem|ListItem|ListItem|ListItem|ListItem|ListItem|ListItem|ListItem|ListItem|ListItem|ListItem|ListItem|ListItem|ListItem|ListItem|ListItem|ListItem|ListItem|ListItem|ListItem|ListItem|ListItem|ListItem|ListItem|ListItem|ListItem|ListItem|ListItem|ListItem|ListItem|ListItem|ListItem|ListItem|ListItem|ListItem|ListItem|ListItem|ListItem|ListItem|ListItem|ListItem|ListItem|ListItem|ListItem|ListItem|ListItem|ListItem|ListItem|ListItem|ListItem|ListItem|ListItem|ListItem|ListItem|ListItem|ListItem|ListItem|ListItem|ListItem|ListItem|ListItem|ListItem|ListItem|Organization|BreadcrumbList|ListItem|ListItem"
"site-map.html","FixMob Site Map | iPhone Repair Guide Index","43","119","FixMob iPhone repair site map","https://fixmob.tech/site-map.html","3326","1","0","CollectionPage|Organization|ItemList|ListItem|ListItem|ListItem|ListItem|ListItem|ListItem|ListItem|ListItem|ListItem|ListItem|ListItem|ListItem|ListItem|ListItem|ListItem|ListItem|ListItem|ListItem|ListItem|ListItem|ListItem|ListItem|ListItem|ListItem|ListItem|ListItem|ListItem|ListItem|ListItem|ListItem|ListItem|ListItem|ListItem|ListItem|ListItem|ListItem|ListItem|ListItem|ListItem|ListItem|ListItem|ListItem|ListItem|ListItem|ListItem|ListItem|ListItem|ListItem|ListItem|ListItem|ListItem|ListItem|ListItem|ListItem|ListItem|ListItem|ListItem|ListItem|ListItem|ListItem|ListItem|ListItem|ListItem|ListItem|ListItem|ListItem|ListItem|ListItem|ListItem|ListItem|ListItem|ListItem|ListItem|ListItem|ListItem|ListItem|ListItem|ListItem|ListItem|ListItem|ListItem|ListItem|ListItem|ListItem|ListItem|ListItem|ListItem|ListItem|ListItem|ListItem|ListItem|ListItem|ListItem|ListItem|ListItem|ListItem|ListItem|ListItem|ListItem|ListItem|ListItem|ListItem|ListItem|ListItem|ListItem|ListItem|ListItem|ListItem"
"terms.html","FixMob Terms and Repair Disclaimer","34","113","Terms and Repair Disclaimer","https://fixmob.tech/terms.html","329","1","0",""
